x,y,ct
0.0,0.0,0.0
28.96293088933438,0.0,2.0
51.03535967071625,0.0,0.0
75.44345810722261,0.0,3.0
100.01179035116972,0.0,1.0
122.79666317764948,0.0,1.0
148.705291351813,0.0,3.0
174.2938322317218,0.0,0.0
198.4448442018225,0.0,1.0
225.37622338495245,0.0,0.0
246.9449007697021,0.0,1.0
274.74804841481574,0.0,1.0
296.96762725413754,0.0,2.0
326.33146375274185,0.0,0.0
353.05530051187,0.0,0.0
381.51280922480174,0.0,0.0
402.43497931351897,0.0,2.0
428.0133869374035,0.0,1.0
450.2639319858018,0.0,1.0
474.9533344727935,0.0,3.0
497.8712622150478,0.0,3.0
526.4766013445171,0.0,3.0
549.3114799688392,0.0,3.0
573.8577007240586,0.0,0.0
595.8714878344894,0.0,2.0
616.7437815222974,0.0,0.0
640.3655436461756,0.0,1.0
667.8330058771957,0.0,3.0
694.7248100147448,0.0,1.0
721.4061580620975,0.0,3.0
747.1340967607862,0.0,0.0
771.5855472534215,0.0,0.0
794.0123014752648,0.0,0.0
816.3181435188155,0.0,0.0
842.822912100953,0.0,0.0
867.5737982072973,0.0,0.0
888.2434924466255,0.0,3.0
910.2332527095963,0.0,2.0
931.2342961554107,0.0,0.0
956.7670734734872,0.0,1.0
1000.0,0.0,2.0
1000.0,1000.0,3.0
977.3611332904749,1000.0,3.0
948.9692027124752,1000.0,1.0
924.166803151621,1000.0,3.0
896.7192799173774,1000.0,1.0
867.5795272473181,1000.0,0.0
843.9201213987919,1000.0,0.0
821.9563156317905,1000.0,0.0
794.6996193924623,1000.0,3.0
764.9786357556246,1000.0,1.0
739.5426924896664,1000.0,1.0
714.6539600435052,1000.0,2.0
686.7777780484704,1000.0,0.0
662.2249844336616,1000.0,2.0
640.4528506256434,1000.0,0.0
611.5289187497724,1000.0,0.0
590.0955955750592,1000.0,3.0
569.6045063310804,1000.0,1.0
542.2974250897901,1000.0,0.0
517.5076421160203,1000.0,3.0
490.98541086535846,1000.0,1.0
466.63020530360654,1000.0,3.0
446.05289042537686,1000.0,3.0
416.4558185528447,1000.0,0.0
388.08119422614743,1000.0,2.0
365.4777434988583,1000.0,0.0
336.5220402174384,1000.0,2.0
315.8753082375356,1000.0,2.0
292.9665837792408,1000.0,0.0
271.38624723222586,1000.0,1.0
242.97205104191437,1000.0,3.0
219.38097579327945,1000.0,2.0
197.98630455145485,1000.0,1.0
173.7904769846254,1000.0,1.0
152.25307489891398,1000.0,2.0
124.26343170670594,1000.0,1.0
100.58640187367135,1000.0,1.0
78.18069867032536,1000.0,2.0
48.5284171843862,1000.0,0.0
0.0,1000.0,1.0
872.1795083994259,92.13159180059161,3.0
831.7610904578665,848.3038970794961,1.0
279.29459684685634,430.81502201846,1.0
95.56681500661357,836.9121387136151,1.0
774.9678150409236,230.83626557632687,2.0
751.0273073183793,343.09386439196146,3.0
700.5117789662728,840.561085486237,1.0
55.64154105168817,742.7372735496289,2.0
516.7843658432453,156.26242367127352,2.0
502.75104767441945,829.0010784747253,3.0
478.91545221783815,62.279480405775914,1.0
445.8101787129588,68.54991826183677,1.0
538.79265800317,75.56640450523078,1.0
436.35708416651397,497.78283101845744,2.0
620.5126814049073,372.8114996426685,0.0
157.24465838513623,275.5084754336936,3.0
153.08930072651617,223.32297288573676,1.0
461.54815164780547,162.52068486651928,1.0
795.2045871766385,578.1633587377102,1.0
390.95801573387865,46.296202992948345,0.0
371.9803122094397,597.0032422003301,3.0
227.71289672183593,814.7824165272798,3.0
410.32020490716326,935.9721764957816,2.0
145.2899588535639,702.0201293314523,2.0
611.593835546597,42.03085099357362,2.0
4.266434167159439,246.5354688608895,0.0
61.54071592069976,294.69349860327986,2.0
971.2222302269755,481.846388679705,3.0
632.655774186139,465.69307144373676,2.0
172.518252166179,828.4319222441105,1.0
866.9536918127984,675.9965874682478,3.0
671.5702476342769,460.3685038892419,0.0
113.4440838641173,508.1574288486054,3.0
927.5292758120225,220.33633154831267,1.0
904.0124716089887,345.51733871512846,0.0
714.8866721120328,414.41885915335786,0.0
477.09163344336935,500.5655544364319,3.0
290.4848960351515,900.710867387351,3.0
788.8323433429672,895.7395310931173,1.0
381.1813025436293,398.0030426310625,0.0
658.181625804909,780.5462369813517,2.0
294.31321865261435,561.7864585467911,3.0
414.58740496736965,631.1454270915272,3.0
889.7414023862452,129.05845786100988,1.0
128.41073235331984,260.45779960553557,1.0
17.01748778931518,350.59548185188265,3.0
634.7333651077082,344.77700348994813,0.0
75.3548532180808,129.3583186312191,3.0
772.6619805902516,257.4933555944116,1.0
774.0627541979574,630.0852330533891,1.0
333.38519599844165,165.71879750396988,2.0
482.75492841205534,119.79153607411602,0.0
870.9014099189588,783.1204066856761,1.0
508.9481310865783,686.9431361471553,3.0
192.21970173915057,641.9232008514501,1.0
540.0267164170772,477.459696471824,0.0
413.70723986677183,364.19571183637385,3.0
920.3463734838599,149.6130839971553,3.0
456.77548271218143,887.2277221866201,2.0
944.2494692206299,818.6601456027059,3.0
307.8603368286806,223.1755564973658,3.0
776.3515538283706,829.9140328719011,1.0
6.834550816648572,280.4014297785623,1.0
804.0516501316266,374.5597901732674,0.0
27.896015993282173,74.12776473845142,3.0
799.9946319978881,161.89398732786285,1.0
892.8961283879761,547.940912520056,0.0
631.6944070149805,200.6014388032719,2.0
656.1097452496052,876.4903458942177,0.0
914.0319108757772,440.21531075717456,3.0
974.8548255340909,454.9971647877709,3.0
831.2943905060938,623.8778526586666,0.0
14.477976165553448,594.6867535507349,3.0
738.1302709504741,884.9083413963199,3.0
124.40255569343732,750.0611563179255,1.0
2.548310903241771,727.0271020436861,1.0
975.3956411024994,837.8224483774926,0.0
943.2986524855987,317.71193335960913,2.0
167.42708224488385,76.50298313831716,3.0
685.8846153866332,53.4070004657105,2.0
979.2314616067691,622.4298075495526,2.0
569.3220913876056,518.5586205772739,0.0
264.0618189087292,484.8209427137463,3.0
943.6974246933265,140.0290020416839,3.0
770.7159306700006,521.1169644910208,3.0
172.12230238182752,862.803925548575,3.0
79.31275365900292,937.0657449805105,2.0
429.3033824678401,51.836899222104066,0.0
94.14212523275884,783.6520580501583,1.0
232.143579486705,890.4950304406034,2.0
32.564157209410546,736.3567601324942,1.0
234.73043211015252,615.6543560189124,0.0
202.5473413710189,410.8142045383177,1.0
248.6911657465308,637.0724085283348,1.0
386.8377503061888,581.8682237841074,0.0
598.9874784217238,572.183504118934,0.0
888.4936828309477,246.9606881793309,0.0
828.8772325796957,234.072100742345,3.0
260.6692527884075,852.3028715209553,1.0
850.6947524605271,301.1376568203502,0.0
564.7005072751602,344.55811768300595,3.0
196.2589887256819,193.08911961852957,3.0
765.1805829909748,292.1152952823976,1.0
499.37259879227577,766.7832849944756,3.0
768.7197289420313,763.7395645033333,3.0
604.0798319717265,966.6471170987542,1.0
404.82837062709575,763.3906244914668,1.0
225.98614356163841,518.3977929883505,1.0
915.2069115000667,550.2371480320087,3.0
813.453361346432,275.3328755210498,0.0
33.611574580035544,409.604670009236,0.0
250.5918392805127,744.8019230997548,1.0
722.2396921724236,672.8137118742154,2.0
743.2220082387736,191.98333308103417,0.0
960.3744708863549,613.5972626010724,2.0
304.27285686771063,22.76080135993012,2.0
276.5313380286256,352.5879805249825,0.0
200.65483844978718,692.961268496683,2.0
420.485364307801,663.3215462601722,1.0
488.1614945113472,92.14039815813308,2.0
388.15160225853424,795.9509853756604,0.0
367.7064489163508,734.5214988352858,3.0
826.4788639703578,750.2227304034162,0.0
210.9722337822332,164.00188528293015,0.0
460.9685156092296,385.51333010844564,3.0
754.0583979708584,914.5989434628348,3.0
386.2925016703125,697.178080574564,1.0
869.8815949632248,434.2363577433268,0.0
293.8743720230218,384.99500582868853,1.0
573.4922275747734,490.84271746992243,2.0
695.5985645086422,680.5881234062481,3.0
707.1187051598545,870.1592411535532,2.0
853.85707146119,341.9121964989042,3.0
250.1089300756802,961.0920580100012,1.0
491.0011349755555,617.06109598784,1.0
166.32301062030015,617.4619195177628,3.0
224.46972608854787,376.00549171437086,3.0
961.6458293208424,778.8626517172913,2.0
726.3127708920357,305.9582449478361,1.0
460.67792223989704,849.476492338613,3.0
364.0495560632591,908.7319590610647,3.0
203.2455362159497,769.625941546805,1.0
544.4532612010247,915.2261920139497,2.0
738.74284834736,929.7522591840914,3.0
347.8279672127886,292.57083906918666,1.0
541.1484423059137,515.1615195937272,0.0
956.1762983817893,115.53104764691653,2.0
53.259057296676914,818.5189393701085,3.0
964.9718540322782,882.7684626512316,2.0
184.03593285858386,940.2546354496841,2.0
116.2047270664928,159.4814771278217,2.0
946.9058399140266,935.1598365094204,3.0
466.0306445695693,613.9129707825826,0.0
20.404318845121747,859.9461426014432,0.0
660.931388935649,720.9111831427485,3.0
627.2594621706143,236.662447964486,2.0
696.9946177788594,168.52110009457687,0.0
988.909174295875,97.23719570095486,0.0
349.98626492503644,762.0738394422068,1.0
718.3475268761298,251.43274910100178,3.0
79.3644571717268,631.7333256269922,1.0
799.100530766964,644.07428789804,0.0
889.3209591752922,844.2944698264715,3.0
664.380986135372,945.0220156073051,3.0
322.1080514287772,409.3516069371389,2.0
950.4926937092706,721.3760898318421,0.0
91.40191584880858,278.07257622180185,0.0
729.5507207034068,806.5572429349594,3.0
921.5188617565076,880.1211524641565,1.0
299.9233010632927,815.2471730730894,3.0
950.7118866589208,530.5278497961485,0.0
139.1875367233861,108.78266446705274,1.0
818.5663683568752,878.2130588162588,2.0
554.6079498035186,826.4687030749757,0.0
361.807013517736,266.7785738133263,1.0
675.1229999308134,270.6632626280984,1.0
11.094270727099282,527.5787030225291,0.0
136.91984950876986,517.5099970654193,2.0
171.91771685916734,425.30155285676557,0.0
29.366789850217774,458.15510943315843,1.0
237.2181262917336,130.1133502623351,0.0
496.61842830551427,307.1932848020209,1.0
0.14274622949104276,83.22364146215094,1.0
410.92900912228583,324.32492133712594,1.0
479.93943709684936,321.0014617126568,0.0
754.7311714488621,703.5799107126901,1.0
963.4440356151978,435.9701365028647,3.0
115.62847042627848,478.394139860793,2.0
952.5470978515469,173.48082067369015,3.0
396.8548594496153,661.1370037373689,1.0
114.18049376279124,239.24828837271542,0.0
940.071515808859,269.055332040464,3.0
411.9449892847273,731.2753683443883,1.0
254.6333082573111,796.5129156172266,3.0
163.90319786229244,443.91760436372175,0.0
524.4820968388195,102.4703549546728,2.0
343.755502335576,476.10646623004146,3.0
810.9430883605629,798.7408909884376,3.0
791.4208485353674,295.9976663650734,3.0
182.02215752864836,597.8541637862348,1.0
706.6049315638775,710.3408608146934,1.0
82.85522182863365,545.8427426813331,0.0
423.24571894950446,217.4899101049431,3.0
721.0521849687507,77.59216838173441,1.0
554.9676298343173,656.2635960947124,3.0
571.3344057735612,113.63974075695356,3.0
727.0359081672398,275.9548315850203,3.0
359.2120442767375,360.58149129540163,3.0
929.8559277861378,514.7765068895869,0.0
606.150497294475,777.5434888236468,3.0
824.6650202531238,100.1189691744189,0.0
736.3689747161137,233.7937200933138,2.0
370.3931725952342,535.4084316401431,1.0
371.2245680159909,617.9575082618117,3.0
610.7763952639581,310.57735352761154,1.0
710.7707731040738,490.82936536293516,0.0
856.0629488943758,846.4689791486516,3.0
537.7990497648002,861.5784709416782,3.0
38.840210219171425,868.5096107172282,0.0
222.16890778928627,976.674412183269,0.0
232.80863755709618,432.16091107685213,2.0
15.367555769907083,549.6215177880937,3.0
489.986473043168,230.76667507090616,3.0
86.78159046414572,966.9449821260147,1.0
911.6942084623066,647.7293878664283,0.0
847.0411576662235,58.37601248692542,2.0
891.0617423488578,880.4892668968255,2.0
88.36359023109009,254.09281748529963,3.0
215.41411189328002,102.32559245935172,1.0
980.3338566038509,373.7355032940069,2.0
953.0894414528816,414.2261383731187,1.0
881.8665522552084,357.60451780249184,2.0
284.7675937907417,473.03821427218645,2.0
661.2675826953674,294.3123468798903,3.0
43.301186439832875,703.078095542511,0.0
729.8508561342206,143.63602087251095,2.0
438.9616726277908,856.4571308211949,2.0
561.3163470902381,741.9141116862843,3.0
492.8752612409465,515.505634323468,3.0
783.4354010577817,274.55580559552664,2.0
635.2295650508973,388.246683379559,2.0
788.9158531888412,779.7244620047056,1.0
952.724517679458,363.05387338065026,1.0
374.40415504956184,21.54655626889668,0.0
747.5154341472473,768.7773028524886,1.0
578.3374577522551,586.2996625192765,2.0
82.32286200774274,375.93052671154123,0.0
79.33087982119024,739.0801939309907,1.0
382.90159775367,80.13062426096484,0.0
962.279320132744,60.0361847622093,3.0
804.5690658995181,550.8750230396356,2.0
854.1519155970731,421.5934311082321,2.0
384.52777375817664,765.6114146102481,3.0
32.64107440672664,106.57025074477811,3.0
422.88074754850226,280.36274151634626,2.0
492.1197241547582,357.1338475638725,3.0
171.50625564118238,368.69427138400306,0.0
237.86888229727433,249.30004469713595,0.0
158.56364921335228,884.1197865424023,3.0
313.61957845756604,932.9344486716852,3.0
453.7593224636067,786.4240717311701,3.0
256.0635798994466,464.21483756580363,2.0
917.5591322148285,330.1712356028695,0.0
857.3541032137065,798.2437112191509,0.0
263.2380363894477,406.2386881850618,3.0
284.59316844546254,251.67570662150786,0.0
739.4886388011197,492.2073194438816,2.0
259.771709430887,883.4581261966788,1.0
316.01382534698337,183.93688513662067,1.0
43.15372715749946,632.4913024625162,3.0
764.0982681292678,783.539889034394,3.0
44.30450518284554,312.5654199710083,2.0
836.4339224389284,692.0931229547386,0.0
588.4893945997475,301.11738929687834,2.0
541.6903048155625,388.9456318546477,2.0
438.6004936662167,585.5814717250207,2.0
435.52778252939487,959.2876295025816,2.0
378.11352415591426,486.5366915821307,2.0
988.802357099136,679.2442244165973,2.0
456.13244868075833,424.7687813634841,1.0
436.79437907277145,920.1395946085356,3.0
689.7553530983873,763.6590006127685,0.0
270.49790802670833,96.34924879576768,0.0
304.7428546078566,639.5453524217488,0.0
147.14221561679759,642.9230806471667,2.0
729.0139892230538,20.911608602926673,1.0
881.3828099736013,765.0246091994509,1.0
344.71368219105466,106.40855259547915,3.0
132.73452858998496,569.6804144711382,1.0
719.2266020845675,350.2367169986654,0.0
436.830653276789,102.8403763409482,2.0
854.5156669439176,153.96080007543634,1.0
218.17110532340075,603.0781053360179,2.0
313.47009985160577,970.9689697644218,1.0
735.0101869195711,440.5943559039519,1.0
329.51447094314966,492.2472100401172,2.0
781.3152243653477,78.46867704437588,2.0
331.54597234175753,514.9788277075896,2.0
679.2120413521214,858.3901227843203,0.0
101.07726204683756,43.907181482958784,0.0
262.8724277244302,32.46510273173095,3.0
864.7334750461226,504.2146271321885,3.0
977.1687926389418,801.5673040134493,3.0
670.1945283752934,91.09814151369477,1.0
836.5784713351122,256.2439844033007,0.0
465.1856671558835,811.7528758088985,0.0
119.4303865136544,630.0735709567923,1.0
211.4709523237876,340.0678184013931,2.0
256.52770627613387,356.4611379192235,1.0
195.94830760530903,38.7450080340077,0.0
837.3779174017482,536.6076338368246,0.0
795.2029520785674,749.2237717488749,2.0
780.4299940753233,871.1556927601249,0.0
728.597816585216,471.52940742406616,0.0
124.48031654902236,318.5552634924181,3.0
756.5976334019399,945.7586181438851,3.0
161.9718758451855,478.9443586576939,2.0
30.742719498631384,372.81913709499486,3.0
884.4667858592435,316.56405702363907,3.0
431.35081022570597,681.6066564899578,1.0
549.8531567162917,367.71298889507926,2.0
188.47867728806816,735.9075517537241,2.0
896.8316435429153,919.3078493933457,2.0
209.32128173390325,739.41956898807,1.0
211.44422406548094,575.4415525990811,0.0
28.52592710302735,956.8184105472849,1.0
62.56010403696057,473.6101278897719,1.0
134.31177513221388,683.3454760495972,0.0
828.1770166348474,976.7684340575289,3.0
4.676213583319132,958.2822247253387,3.0
11.950500573764732,59.41017657508361,1.0
563.596769465499,291.68994522656703,0.0
494.4200762075641,920.948591447591,3.0
439.4623448911589,21.241515008650317,2.0
431.93441997924737,385.6497307052732,2.0
300.63446722637957,419.31635522571264,0.0
644.5844601069708,764.3018632563953,2.0
645.2165271188322,633.3424809855472,2.0
501.4003634552114,636.358663999371,1.0
371.9394347500065,321.14667261051255,0.0
663.7951509813781,136.8203354281808,0.0
481.81490028079577,388.94620177431716,2.0
946.8454464412584,795.3070589903185,3.0
550.0899345138293,270.5027249041199,1.0
14.773495039360554,34.94128808686397,3.0
677.8946583766435,571.8970256758039,1.0
291.0650840513313,141.9950110648588,3.0
945.6941980852723,203.33093229018476,2.0
832.4483906114942,79.05961295053397,2.0
994.9350255201789,786.5339215871049,0.0
314.5227890627207,574.2980481269859,2.0
299.191199664881,854.3462997503067,2.0
514.4243336901193,932.4772761849987,0.0
812.7863869706717,711.0569231648219,2.0
124.89227983061062,214.3579793597022,1.0
995.2823985445233,918.5693569513659,2.0
889.9512716254777,646.165242096305,1.0
2.368681130124232,850.0022320872716,0.0
83.169070523787,178.35208819129673,0.0
434.206483380842,330.96510254616265,0.0
47.587735670884534,673.8023996659724,1.0
801.9297961239427,73.62368962166498,0.0
45.35422245506925,793.3198379857853,1.0
236.42982313398034,674.8734434130141,1.0
616.087189864931,181.67728044487941,1.0
585.974079779769,699.2810650420546,1.0
811.2167504399852,465.0348145223986,2.0
29.595339880042612,573.8951848758155,1.0
238.06932406300962,287.60097451936923,3.0
495.5620066534048,474.6244332996641,3.0
657.6899731426307,44.87402736283354,2.0
649.1071040092959,120.09169505419965,2.0
450.37886743245247,350.01079883614057,3.0
738.1379229340257,590.7511591883475,0.0
626.5057648013061,665.051807824203,1.0
823.7855434431777,151.7129966940775,2.0
818.9368702780349,822.7708655648097,1.0
767.6325254317393,478.8080566354801,3.0
580.7744263335791,452.2463344122237,0.0
972.0996821433789,721.3965011267063,2.0
552.4970321069961,33.97671111401824,1.0
309.7472411147586,872.4853328511361,1.0
709.8897244249233,459.7272742399425,2.0
674.9084995343753,333.77129143914146,0.0
91.48163906386712,609.4701153944094,2.0
779.0217150789904,411.2545678118263,0.0
210.31225782552912,884.766323857922,1.0
96.80523702161648,803.9284631794824,0.0
76.73432061644344,151.63606017521025,0.0
337.468387692984,790.0216489156003,3.0
12.898545641122201,222.59082909177278,3.0
179.84872230320354,678.4786661167449,2.0
12.694286451706544,116.2532946801829,1.0
258.26686396453226,594.2725507623578,2.0
609.9395629923337,554.887209868574,2.0
751.8729612180626,738.1962644210203,3.0
198.90671066275834,522.1353209833821,0.0
901.8002440901073,404.54903678773377,2.0
100.06703640233113,129.73582752507804,2.0
866.7203787812217,915.7802293146539,2.0
753.3361991106378,644.6234709889559,0.0
507.03526516062533,889.5355038275699,1.0
603.3587878004994,829.772135388425,3.0
628.6812007191284,720.4164136701082,2.0
796.5568478332381,690.3512503824746,1.0
143.34680343181986,820.8336681783663,3.0
993.4271615064883,873.3510556296029,2.0
673.466043603817,591.5876416545808,0.0
910.5329421223208,62.69251299809738,2.0
487.0023797492657,558.5188348156624,1.0
279.01595260088953,618.2140382369472,0.0
460.9076789924295,83.88324653167308,1.0
755.8973260998024,440.4808047453947,3.0
667.8740047497225,804.788136832786,3.0
970.903116461735,544.3790513878607,0.0
399.0541727236903,252.6225614191691,2.0
80.40116153681059,510.240659935356,0.0
877.4865121250014,402.6690016732541,3.0
137.0253801702182,443.93498491158306,0.0
324.7820101218462,704.5566595458984,1.0
20.501854716098535,987.7707838691293,1.0
364.45934697945137,229.31579814978056,1.0
623.989250509694,147.63774842468084,1.0
7.716100039986132,569.3399987359252,1.0
627.5877423398935,820.2265737002353,2.0
344.0087590510833,577.3550507678241,2.0
412.25701221920013,601.9598233029988,0.0
199.62783907709866,823.5148017909222,1.0
506.543892968025,572.040729312091,3.0
382.9864674040045,168.12166513062715,2.0
998.9536884533526,715.8278467474486,3.0
452.56672662834325,308.88949240580297,2.0
350.5967567680473,59.05102037220302,3.0
367.7599045012505,649.063377283527,2.0
14.213041788854639,803.73083675386,2.0
417.3471942582145,28.442821633604016,2.0
612.3916106319126,393.26278310862847,3.0
133.949630248177,466.82082256995704,0.0
706.282587441422,385.8661058965986,2.0
118.21257335875639,283.2504170766864,1.0
919.8764305508141,384.05949358110473,1.0
716.8850561932087,616.9601003173598,3.0
269.97852535182716,154.03452731238414,1.0
457.9844150903877,202.20929756806783,3.0
28.62696001112411,683.0442326776721,0.0
558.5958325307683,223.6842117683757,0.0
157.45632228004675,128.0346037592621,2.0
538.1175515117967,449.124664513206,2.0
227.86735348870462,397.1842220466703,2.0
992.411882395863,165.53595708680453,3.0
4.5874351913517835,301.0656211414436,3.0
800.2230979776341,932.1670527527762,2.0
464.97130432044503,716.4371611404351,3.0
479.2588773400599,250.8070020981463,1.0
306.9275752120632,342.38569755406564,0.0
895.33168149869,218.00422321232853,3.0
528.4506554805321,200.4298456003666,1.0
209.28761803079988,440.8709556261003,0.0
416.59910458057914,829.0225555501246,0.0
761.1134312332657,676.6341920075025,2.0
758.9920825937832,415.26561248396473,0.0
835.3166426708997,936.0056618559627,3.0
586.3751107012476,800.8069301100547,1.0
177.52057465954863,161.65103175995225,2.0
401.80233976196655,914.1349174823825,2.0
169.14233195349402,916.7280800550675,0.0
91.99485528912342,911.1729063115812,1.0
732.9454629924495,364.90377701048834,1.0
962.2170290420393,977.8451368236467,3.0
925.9932386574762,970.4444236920453,1.0
157.5544554040615,152.74874877691565,3.0
3.084092718740427,937.8221710915566,2.0
647.951030354588,70.86441220245248,2.0
242.09815502574986,189.2341372737684,3.0
563.4581662468662,697.2364280461132,3.0
622.1609352806403,441.89916714762927,0.0
78.77781405140034,821.2996406569106,3.0
341.60785434648983,970.6159967634919,2.0
541.1222090946893,623.0400203493064,1.0
883.6932315512693,711.9377561363676,3.0
806.3214886588705,201.36363923533634,2.0
83.55749965833378,400.18243624534864,3.0
44.159553640494515,260.78261720524813,0.0
681.365311675137,479.70417767650093,1.0
828.1747645122905,671.587384663713,0.0
607.2336698259166,870.6832815885377,3.0
263.54943564580554,925.373631941175,3.0
682.4956717904765,376.22559886773,1.0
844.5014763055933,177.67776993460194,3.0
345.80152497908347,879.4466846084189,3.0
341.89519477231994,848.0527870032981,2.0
482.88247307012534,171.28109260608747,3.0
573.2581685282815,819.0081723535601,0.0
325.680649983751,673.5771159710451,0.0
78.84801721226967,431.9043425078867,2.0
720.5826825068418,733.5622735872855,1.0
876.1508591102311,977.0664236689445,3.0
46.69303776965609,33.49370157833438,1.0
51.52115578533156,361.4941545935171,0.0
37.29501366795104,834.9031140249496,0.0
517.5050756471925,662.1579382595362,1.0
64.35393188465842,955.0030972741762,3.0
897.0926638436644,823.3277132386016,3.0
185.8055061013464,793.8712727334491,2.0
975.7717302901996,265.62360217350596,0.0
746.9933749272136,61.254004632865644,2.0
52.855742159069024,64.7096921946323,2.0
246.2407126250474,230.42329494757672,2.0
507.1876846384504,179.017036091847,0.0
8.265134476596765,155.39923556316603,0.0
132.06706519365554,971.9039584199422,0.0
818.980426535253,337.23493532044387,0.0
530.9673112543377,770.4842560482277,0.0
604.1486620789276,157.00632689712887,0.0
142.25884604116155,412.8494815884516,2.0
353.0339605975727,522.3294906217711,1.0
127.90700733885949,390.91575196443387,3.0
51.3228648377907,900.4858598149422,0.0
513.1677285623014,391.448795163535,2.0
777.2402523565685,169.59722413417543,3.0
432.33638173132823,254.48797451301013,1.0
582.184595653269,556.5549959170477,1.0
600.7787662545609,70.52893224127047,2.0
934.2831672555426,680.3273917200775,0.0
408.90188292629864,978.180349402879,0.0
204.32142886629458,959.379924668792,2.0
567.7313451886212,165.0766842312782,0.0
351.84296540132834,147.36203168368235,1.0
243.2394556917327,927.0126622877028,1.0
359.3491739602563,956.6428123937859,0.0
316.7913704478859,385.81989823694414,0.0
696.423737800425,325.94757482460847,3.0
535.7604354113464,559.5846146163691,1.0
106.1636856639308,69.84511471774486,3.0
290.6118691674466,291.16089169529755,2.0
664.3430346073334,502.8524851027489,1.0
225.42249803893435,202.91313397049558,3.0
992.4429360857388,65.80244099269677,2.0
575.5277441756812,628.016862207045,0.0
18.38992415484327,486.50896533223647,0.0
868.7204407446677,820.0087018096297,2.0
656.1709703700118,220.04951782028084,1.0
104.00685521867312,181.5494047189854,2.0
650.4184998745927,371.2438216157992,3.0
406.68841085497314,807.2264200921976,3.0
119.90407768840163,854.4672057315378,2.0
651.9436552044823,545.9017706056561,3.0
722.1029568298844,50.32995893228991,3.0
744.6470134748797,541.5688342697475,0.0
47.079796585496126,510.3875917285702,0.0
305.4540042013984,543.8621557853576,1.0
333.4865022430673,654.4283470381254,2.0
347.25926386528135,321.91281751896423,0.0
530.2937630155972,35.989094428785215,3.0
56.37055063636022,528.4239230075035,1.0
157.59983489585215,939.1214103909756,1.0
577.1683351887491,367.7578987337266,3.0
77.16014613584031,343.45855197469416,3.0
581.6519601407889,136.1748111351728,2.0
104.4968150307868,592.2584481956856,0.0
995.1033810411308,318.5486017010751,0.0
474.93509078888474,20.035194908602517,1.0
973.1052911506541,237.38917360287087,3.0
115.96030014418398,437.6314592563242,1.0
845.9325595449822,871.7409875358334,2.0
415.9395520984118,90.34614350407385,3.0
594.5998814584385,474.66661863747856,1.0
839.9380274690832,769.8750682892183,0.0
931.129889078145,73.32607001780887,2.0
174.61997220006867,570.2227363175781,1.0
323.95055395093533,889.9903788409118,1.0
857.2715537411199,966.5174530065826,0.0
112.8324729291371,534.9556232883343,2.0
380.6076479664271,441.06234129502684,0.0
479.081787735537,669.5897238212111,0.0
232.88808365614983,62.80893158981468,1.0
646.574252261533,611.6805558269049,0.0
247.65842812830644,507.78924600951365,2.0
396.9064132293343,151.12932929304506,2.0
676.369717347965,28.399606885655587,2.0
825.017496406081,438.4019863302501,1.0
8.664552575225963,824.5280891282159,3.0
467.4672251008036,220.2848326919943,2.0
351.1660047819028,391.18691905728855,1.0
69.45413406164911,796.3298072896653,3.0
507.48860057901055,21.470789154655314,2.0
802.5286853278527,401.9780270040146,3.0
171.02153268227357,317.65078105802127,2.0
468.15255639822743,930.6182901482877,0.0
591.0156266862656,896.9054963256758,1.0
132.08245916443704,801.942754155428,2.0
289.03603182375053,115.17102872378656,1.0
909.9982778847865,282.9812976230791,3.0
311.2300123382368,602.4581884541591,3.0
918.69047295932,784.1376006947403,0.0
369.1327834472561,132.05592891469368,3.0
744.8306990891945,565.4817676141068,0.0
559.7377037831503,85.5195534777755,1.0
458.2437262236757,105.41458871896815,3.0
527.9448718754361,831.3335026810537,0.0
333.2685968651701,429.0877261435139,3.0
460.3322944667496,512.76102063702,0.0
751.498387042255,127.89137267648681,0.0
189.31445352591913,80.60547962054598,1.0
518.1846452075794,867.6203054622565,1.0
848.9802060767199,565.1226833309811,0.0
28.49396852795991,896.6509342027614,1.0
921.7981574039491,255.78905519890782,1.0
774.8646440446206,374.14785585269163,1.0
265.1446628831319,189.21535814716944,1.0
752.6581669680013,22.06020662366525,3.0
521.2400474444069,586.8806251418589,2.0
557.8579810648777,876.7854136109905,2.0
979.3256029631593,753.9834696128984,0.0
862.5408003308302,321.8118167052476,3.0
273.57993579564396,682.4520011225438,3.0
521.48210129695,966.8274169213026,0.0
248.55213873940014,532.909381175348,2.0
538.9329975367333,153.47398344140655,3.0
339.2922791751734,721.3580016690831,3.0
136.6649887091253,139.8775338480553,0.0
698.1771605533343,291.9612771550337,0.0
534.4963936877072,933.6450531639282,3.0
763.7841542614411,896.9029148092967,1.0
894.2272570147688,615.0009911664756,0.0
373.31840873882277,866.577330260754,1.0
392.02893663232044,559.5690273641707,3.0
728.3354302255306,840.2460814356195,0.0
504.8030676324253,420.84330271580694,2.0
145.82548009706105,20.461700461750404,0.0
55.897631810395964,607.1902388774475,2.0
313.88090432920677,128.52691865451183,2.0
191.31915216361105,316.7394894747902,1.0
624.9699257216919,860.1406396711873,1.0
309.5446137274221,248.36590702319737,1.0
628.258337919954,83.2224210006473,2.0
500.92634943849293,54.122839968091455,1.0
301.3736526947793,724.0060210050922,3.0
813.7129625863159,493.47656286034356,3.0
135.11975765061405,610.7111104165326,1.0
580.6756307209807,74.82773006226415,0.0
113.93035763382015,417.3653653209453,1.0
450.88811102500136,269.0390979405493,3.0
915.3693079205823,600.4389113875188,3.0
120.13498224816523,705.1427126912164,0.0
705.0870149934085,517.9873550449482,0.0
950.8442232433537,568.6288386316825,3.0
458.35492942249334,550.4120940960056,1.0
650.0576532052813,585.866790724238,3.0
441.8711018299567,835.3801765944605,1.0
278.14330712386135,640.9076669411256,0.0
640.9964943518032,892.3392613709817,1.0
438.6429410518185,735.4777906588458,0.0
925.440179945246,575.1653297411126,0.0
344.2618532186431,18.671984854604837,3.0
680.5380740939542,108.59538942115714,0.0
13.901469301635732,420.50017979507794,0.0
187.6491849139952,265.20392823671887,3.0
854.962826323685,465.73169878509935,1.0
820.6577708195674,183.3907535857048,0.0
879.8602328429698,593.9411063654106,1.0
85.02529230580275,304.54652585437344,2.0
942.2286044135433,39.92295916572762,2.0
212.35200598951548,490.02666818925263,1.0
286.45561669381834,877.6799934920193,2.0
486.8454360579952,206.5486972818668,1.0
182.796998319787,118.15509164745606,3.0
341.00496437377376,941.0900778054847,3.0
26.737111484438095,292.6940824008421,2.0
624.4905363299775,910.7866224509827,1.0
244.4941721499795,772.8315073951882,3.0
184.82698318770846,288.31157155456674,3.0
592.3256344612164,32.07611826780788,3.0
283.0601826488571,949.0718086046599,0.0
642.1636870807893,255.01258609190145,3.0
676.4124999343703,407.4894125402291,1.0
577.7682705958748,261.6374635532649,3.0
447.5815551768171,626.5935975364768,0.0
710.8665475730629,563.2714824303267,1.0
637.6117099593732,511.82443164331266,2.0
348.56747771734797,631.8849199862149,1.0
876.031876479414,945.581390842378,0.0
169.26840415115709,190.45563745089785,0.0
697.1832616754026,787.480581033303,3.0
333.7448850863644,373.82124529301734,3.0
16.193165838523036,915.4651054027565,1.0
475.6085658984571,439.7363772049703,1.0
517.3182588994778,241.02085676330793,2.0
27.88502662009899,325.78737440911175,3.0
586.1153207156186,184.15806307310427,3.0
673.4884008249106,651.3123281556863,0.0
316.1052071413089,67.64527801818546,3.0
158.91194554119468,670.9998293115301,0.0
809.8352906431081,122.0952377827703,0.0
736.6838873384813,518.535509968332,3.0
477.1077515655058,292.83473465156646,0.0
291.30259673625335,44.186283739129244,0.0
41.683560490429,205.96640452218494,1.0
780.8652360601496,605.1914904646437,1.0
125.42816020187551,930.7379219162888,3.0
83.06536461464997,766.154416815476,3.0
817.1100431366003,56.77914752092239,3.0
271.8513167602235,742.6856407878091,2.0
90.58906694006218,227.1297901126309,2.0
279.6067771978551,775.4421512170553,1.0
255.03716290585638,336.51527706921496,2.0
52.54441905312253,137.9896758011286,1.0
610.5543286026698,644.9618436836292,2.0
8.681993221986758,775.7050430018336,3.0
386.00954240507343,846.2950733699341,3.0
893.4262804311513,38.46932318999179,3.0
49.75842306386055,85.87245228195307,3.0
579.5001325514991,325.1321726157055,3.0
592.5907212520189,502.4458590392261,1.0
834.2499099396521,354.8115153398201,0.0
916.8089470704793,100.61698930908737,1.0
219.19985342895154,906.5305180243844,0.0
698.9929599804971,119.8782734711146,3.0
860.9006156318552,274.8444455749788,0.0
701.814411316506,915.3584802071426,3.0
24.87065505699608,239.76354120383286,1.0
991.6831352361905,540.931932365695,3.0
825.9441755151264,33.69078629698825,1.0
835.5399818017911,395.6368501336625,0.0
153.42108631442682,585.467490370079,2.0
722.2997273027131,171.85924377640995,1.0
98.8236677054481,335.11075347264216,2.0
420.9959654190193,869.1343302054215,3.0
36.81520533090304,177.84385670510943,2.0
834.1245100282284,793.4085285733312,2.0
671.7790025081343,239.64362738335927,1.0
634.0549572092332,311.0349306907369,1.0
212.96276141458668,844.5994205885642,2.0
794.0432655847435,45.875265122683224,3.0
957.1537943962204,341.2661277458181,0.0
803.3336615902521,976.956360329321,1.0
835.5747762026019,716.2943116081103,0.0
85.67108832224677,711.1864192671263,1.0
925.6730066271041,721.6292538095053,3.0
362.9167327311174,426.00771921786105,3.0
359.0927958189751,501.7509323183168,3.0
964.6785660071369,293.55627469625847,0.0
897.0702296942906,790.7999192996075,3.0
524.0000649194683,294.9566016719745,1.0
365.0970586444385,190.33010641559605,3.0
780.9964492684746,672.5961113263193,2.0
259.5734249620434,63.00615263976979,1.0
680.6193072952713,354.3674863843703,2.0
95.16769532729754,486.8575869568304,2.0
954.217510962963,91.18669469371044,0.0
136.18132074209936,340.8093228214314,3.0
507.77296117341245,279.83837962617434,3.0
430.6044686512721,165.0284668539353,3.0
100.89607953393606,356.5156929236371,0.0
56.39805990076709,720.4955146205502,3.0
234.8703122599826,28.180034384145678,2.0
199.38171328947436,384.4588377558285,2.0
274.74223174432905,579.9636347472867,1.0
31.58215908531195,150.051905926721,1.0
399.2227442432716,208.0504901532045,2.0
301.2892176498078,785.3536873421139,0.0
935.967478462401,649.2274376264066,1.0
970.0483756701113,318.2223801387875,0.0
609.5519065630517,110.64867144367287,0.0
242.39682287192224,575.5387015775316,3.0
48.846662805636434,424.30773249099354,3.0
903.1202436227626,495.88542818629077,3.0
292.67404098088804,668.9556508255353,2.0
220.76796575760113,540.4522937976596,0.0
214.24663134965766,142.38891105743286,1.0
462.7007806677768,140.1018303517488,0.0
976.9413189458019,580.1862325862902,2.0
103.60684208476614,679.9734017643169,3.0
297.202503904832,168.68320643102274,2.0
254.3452453310448,119.74331323649662,0.0
673.2919666743655,834.6427650388766,3.0
236.08469082773604,457.8755189544451,0.0
174.37155614534555,711.8255060285168,0.0
458.9214011701015,973.144793045894,0.0
462.82725837035474,751.6260577514564,1.0
704.4128109432377,647.8424930135782,3.0
281.4856015636652,203.5766340827579,1.0
908.8662772927516,121.9400910578514,2.0
769.9043630665749,319.3964615556142,0.0
229.32655726436766,734.9240273219432,1.0
906.8469548304862,199.87905352687372,3.0
997.018219911601,598.995821654063,1.0
590.4397734497437,533.1614847403235,0.0
121.61957771120676,193.4004489279988,0.0
914.1562832970316,748.1050327393567,2.0
550.206114588672,136.6017591013905,3.0
502.1736315204776,331.09415995631656,1.0
270.4919596646075,315.688214723272,1.0
994.8703577449426,939.5882885368446,3.0
205.2932816641325,716.4997234030951,2.0
571.822270615261,425.1779020888709,0.0
288.31459601554485,499.602004105918,3.0
671.1546539212909,196.0506029466143,3.0
871.453527259122,57.047113724045694,3.0
226.75041166054487,756.1577923267095,0.0
209.32226876297304,22.54800064984318,1.0
999.2200410954127,227.50400727389984,2.0
400.5980671625157,296.7225409640184,2.0
109.42167216157141,820.0730341976248,1.0
143.37038808285808,66.1718184552512,3.0
208.1386269429349,627.6457011688805,2.0
425.10865382391717,890.9321537729933,3.0
722.3255178590731,758.1420370526006,3.0
391.41719755519983,419.24742839887443,1.0
103.7978822857776,887.3898344397865,1.0
551.7253126984302,718.4546480612684,3.0
762.210256185868,969.1804467168506,1.0
480.54043588731076,844.6221485797836,0.0
691.4863746246671,500.2426854490766,0.0
655.7587976265279,670.6988580412489,3.0
604.2069507957008,719.8450263223555,2.0
57.01247839317569,189.48924465393844,1.0
693.8895534177462,535.1616538150171,0.0
362.0007770726893,694.0820504104686,3.0
885.3601516957851,452.8203144168279,1.0
324.3946880782194,98.09040576109459,1.0
338.2097527346877,454.88949080552476,1.0
258.7576337410814,278.5359033613885,2.0
240.64603141483525,164.0401222348969,2.0
965.5190853249907,925.8889636565026,2.0
676.9908952114347,308.43805256122266,3.0
637.1230960587992,937.7207967605211,1.0
807.186961924931,665.0701281878459,3.0
318.1231083360516,295.00134519832216,2.0
297.43015588904336,751.6036475584177,1.0
507.8301333637497,788.1624127867019,3.0
567.7646279039169,921.0016027979098,1.0
944.8886485429913,381.79182257893603,3.0
259.26852970653357,555.0090173416008,1.0
888.1824954821618,158.6640993175546,3.0
958.4003041720457,654.8651836376921,0.0
972.4044203171857,131.87788168830303,0.0
180.6395325167347,395.6504309655764,2.0
761.1971080668254,845.2928275028123,3.0
978.0908580459563,5.297016640866618,0.0
713.1332001145482,225.28309853206227,0.0
998.5582234783744,572.0471400753572,0.0
313.6625711098374,470.2211788789091,2.0
64.81015103898304,560.8439845712451,3.0
219.60207562943305,661.8767013123161,0.0
656.5067309397679,483.9844801052574,0.0
619.1050019204272,755.9055659520302,2.0
472.3625364603813,589.8827441085558,0.0
484.0521675750726,792.4956152344339,1.0
860.3164817817886,37.23382292603955,3.0
420.9306378267294,558.1840921762308,1.0
552.9696213672571,193.98778973458533,1.0
205.86718320353316,923.8576972300085,0.0
240.46577813094092,841.9385072618132,1.0
167.75612363012627,247.04293902110498,3.0
48.43494192204833,587.9672046737525,0.0
189.10047573249224,840.6762087344574,1.0
581.6536144247335,233.88853210120598,0.0
575.767573372489,50.57421310302083,3.0
997.6844700048728,467.87823302281237,3.0
935.9557849630905,773.3921428261494,3.0
91.5256939721328,83.90601166295885,1.0
153.1574059797057,782.2491648984462,0.0
648.3590606460214,965.7158577827397,2.0
794.7564680974554,238.50146496758305,2.0
968.5780008290983,32.068196027970345,2.0
413.4724430168989,691.6120794014166,2.0
530.6031921653929,746.4030115457126,1.0
273.20638949514694,815.6156766986467,0.0
561.724186247337,553.9453122145579,2.0
136.1240856167966,489.7682370289833,2.0
778.3663202613612,436.60477446209256,3.0
951.51894275113,593.8572077307234,3.0
357.02829797785165,827.1711260095607,2.0
20.90104487366274,714.2771072879988,1.0
276.16443940684394,722.5589982355744,1.0
758.9147614453069,866.2795589707545,1.0
987.5166428319275,960.6757967639883,1.0
780.8919718155149,716.1295693953914,3.0
445.0086791522197,180.19230403486006,1.0
23.24031181574373,934.4481034318342,3.0
950.5662192654578,849.6836326374752,2.0
506.6358659543514,713.8953666034471,3.0
716.023547854909,193.88465066289584,2.0
740.5246729876171,84.94311622256215,0.0
217.7515557138997,318.07942670150373,1.0
408.9680670944866,501.2395910570556,0.0
8.22665632777053,747.1423495157366,1.0
418.0553487922164,436.87367999704367,3.0
68.32186765371885,101.50300349038919,3.0
88.90139643248624,574.8965778796216,3.0
608.0183731057904,346.89110602484203,2.0
392.96689997844965,871.0270610705423,0.0
513.6338281289295,72.5877656161857,3.0
817.8812633561554,603.1642314996051,0.0
266.58719688793366,519.1979914410632,1.0
527.6235853000201,718.4051497443372,3.0
329.1935842496087,831.8987639323819,1.0
626.7845083324563,976.7970985710352,1.0
398.4197627663534,463.93159576925893,1.0
121.60760690703304,371.17288750923296,0.0
854.9750125485435,701.658001902431,0.0
793.6301439859828,96.36991504184057,1.0
874.836861388919,737.3752307580964,2.0
866.5967907666467,864.9810975412421,1.0
980.9176694011836,514.1533120058635,2.0
579.0843213452895,666.4935239548045,1.0
190.49065997542885,450.7504032401561,1.0
529.2258331170383,693.2743513638178,2.0
436.36513497797864,760.3919938887207,3.0
21.840827654279988,264.63391805119556,1.0
935.9165286849851,741.3216838221763,2.0
65.00580736682872,448.70834215593425,1.0
50.94059562762296,934.631915236699,2.0
613.8943535819511,946.602197556474,1.0
818.7582365946528,957.051869918561,2.0
322.69208472279144,951.5055139829889,3.0
733.4616487593063,959.2279530998165,3.0
44.30202873706774,443.8659001849204,1.0
645.5311108249155,913.6724386044405,2.0
873.6186947346084,188.6203842810529,3.0
109.36141820874842,104.62159617816452,3.0
938.5211500842111,482.13180233033273,0.0
422.15236117827766,126.67338093866117,3.0
572.1553638238474,25.28863864545982,3.0
935.0891931035092,908.2584758766149,0.0
798.3527120487341,423.31798371554765,2.0
325.39633930140633,535.1094183381542,2.0
428.8193951632059,803.2963936342699,0.0
62.698189881565305,381.9856270311264,1.0
639.1225991457612,566.148305031631,2.0
137.37782979248266,879.8276298844889,1.0
586.6152765540219,943.8830237241959,1.0
540.3427993039489,602.2755252007124,0.0
670.499443129612,740.8923182972202,2.0
530.3567269418787,538.2577416866875,1.0
71.82488596245688,848.985600664262,0.0
718.8138047963707,327.5976689407128,1.0
764.1163062302275,579.4857796692742,0.0
158.89995387785928,964.5510345422649,1.0
693.5245267350155,958.7429243684632,3.0
769.2132041597691,203.73757073154374,3.0
728.8517025017105,783.6279645095609,2.0
245.0619626625971,312.711134634125,2.0
605.6589482276903,925.2308755777212,2.0
967.9974344376408,211.36428334244445,1.0
392.9188880524469,954.0054948160368,1.0
179.1242396451827,346.61870561122447,1.0
344.12695430618,211.17471046779457,1.0
806.1414583599458,28.584518872307502,2.0
808.2588019154415,221.42707516704263,3.0
124.98157730731764,900.013930808094,2.0
559.9818214074415,319.6237232491623,1.0
842.2982119297724,895.2998326041027,1.0
495.8290733045065,973.2621317785458,3.0
496.2639935364828,735.8958526016065,3.0
43.32429100166856,390.5802795360583,0.0
617.1037792634758,602.519217601283,0.0
245.69379925608902,709.5428312747295,2.0
134.72559100918951,772.5671648281078,0.0
68.64251231304148,224.52121272140542,2.0
739.6551648450347,212.92569770473764,0.0
898.9294217500169,669.6967572517151,0.0
466.88022183958225,477.4845565387089,1.0
666.2905662663163,619.8984487290347,3.0
651.7554512721357,178.11882675193488,2.0
155.2325790097937,528.3929167887393,1.0
550.6207579207069,428.2760999779323,2.0
432.4029436484129,420.6396833241486,3.0
58.13049427937608,765.0832281609532,2.0
884.4628653050588,573.8847802950521,1.0
67.69051489759785,685.4191236515518,0.0
537.9217498681697,322.64858452104596,2.0
884.5254132901802,478.9163630490066,0.0
470.02822997527517,646.6397650066083,3.0
551.3084572672243,250.18266163098892,2.0
295.0159010324504,588.1251867292071,1.0
778.1929775506808,931.1093392294973,3.0
82.32735461318481,468.51416455415267,1.0
20.43178260229824,197.631552162296,2.0
263.32227458346415,660.4706425906196,2.0
432.66048507141977,454.04976376536086,2.0
564.1988873492274,850.0816572283514,0.0
854.4579227001065,585.024182762342,2.0
681.1179989950458,221.66634967133143,0.0
93.64829853358408,199.99586338916757,1.0
33.64659649803327,610.8565693337247,2.0
530.2899669623865,497.25530307496985,3.0
905.13162672986,568.9838309992372,1.0
170.3657011449086,31.607730810742755,2.0
325.5426205633034,634.9051798431909,0.0
60.85928688009149,495.2116474283165,1.0
141.887344988534,546.3989303945632,2.0
913.1556780448428,688.8682638438149,3.0
945.1298496346984,246.25294562841012,0.0
965.7828030374412,681.3921363236366,2.0
692.0930197521565,555.5672105525762,0.0
614.7937793541365,267.3402875814217,3.0
335.0877290344914,554.3051640734923,1.0
262.95273015186973,253.49053082729034,1.0
706.7538810019978,28.292142938352125,3.0
523.0299140033908,220.01117859762036,2.0
860.7990498914801,387.71492645861036,1.0
15.548114302259126,620.1658890154638,0.0
383.175062308629,896.6087890507467,2.0
103.34328018244318,979.8793247938236,2.0
747.5655594567977,305.53807238052195,3.0
1.068419604080519,190.8906767287008,2.0
374.54116438682166,971.0791949748727,0.0
438.2377826728809,518.6063999554326,3.0
997.6738705361884,198.97211974888805,2.0
196.7388236481018,543.2691231315481,1.0
75.19587585576699,40.35545806562153,2.0
962.4302934247405,151.10378394768094,1.0
772.9440229998256,550.8083160806553,0.0
483.30620949621346,889.438474372372,0.0
303.23932437117304,269.0452679204407,3.0
245.00203955187567,91.60192068228379,1.0
6.160860845641102,452.5711248516374,0.0
834.5470920193862,591.3180197808382,0.0
527.0466645774522,406.0959785362358,1.0
755.2145605874844,241.8314661553059,0.0
106.0576581279864,767.3614042695893,0.0
6.562401534053052,326.60766120722684,1.0
56.316979175902226,159.34771319549404,2.0
628.6617652656386,55.83962029859177,3.0
10.735386295651823,886.0281372761498,0.0
395.7356468397961,347.34975076249873,1.0
173.49035035237273,755.7066965488777,0.0
605.7892309090018,685.4350770499855,0.0
65.3795283889951,267.902820647384,3.0
639.7872216912571,31.110109224519245,3.0
532.4236879928743,805.8099856205329,3.0
672.041589840939,691.5026074756706,1.0
576.6784148786367,965.9812918762649,1.0
802.727615485251,351.9561646268875,2.0
213.27649494265273,231.6086825390116,1.0
446.6540939212504,659.4839050293451,0.0
234.3546943606971,947.2141702215052,2.0
64.66075555501031,322.0739667294659,1.0
747.3080775107522,795.0574243735209,0.0
161.13960528419466,106.43917998436389,3.0
411.6421428045234,180.9011343798068,1.0
101.19898385037447,554.5475781478376,3.0
30.816928574020032,661.1334368496204,1.0
695.1716544762348,735.4009357414052,2.0
664.3115664951729,530.0167435541772,1.0
934.7185440621225,185.50870634180166,1.0
705.2227200518138,147.88388390581292,0.0
968.2358053430265,953.3941815194092,3.0
37.6641661747383,771.9333626242752,2.0
155.51166673439164,842.5921979593404,1.0
57.38867220813442,655.9901649026444,3.0
520.5388161504109,364.0773539150356,1.0
367.68143911426444,107.37482401929691,0.0
691.9250165007076,87.4289834183426,2.0
519.8104412171226,466.3163236804205,0.0
123.0137322391913,22.29133460918429,2.0
191.0232954074028,232.77448078122504,2.0
751.813508741982,393.8724426284847,2.0
687.9485453639024,932.2408034011855,1.0
924.4349964781588,463.6088592922978,0.0
811.2083795940407,772.9828808697398,1.0
297.36747427758644,691.6860982958741,0.0
504.5081715869801,259.6428981446176,1.0
888.8033843831871,272.96595858334604,2.0
41.34607439991218,977.917757252904,3.0
388.5770375935803,730.4437096995747,3.0
375.03640222107634,281.858388503202,3.0
575.1586579291701,389.7597279832686,3.0
580.2415807449617,777.1694228136095,2.0
699.468533370641,598.2989272806026,0.0
797.5336053429893,956.4136175904981,2.0
387.8638016705692,372.6943773797232,0.0
143.4102312370037,187.341210647801,1.0
462.62043639939606,950.1162070619075,0.0
774.6287511884527,26.164439133162595,1.0
841.8808654579959,281.46313363630804,0.0
929.9477989634789,301.3134537238566,0.0
558.0600817000544,979.3774164589842,0.0
488.0854065523172,145.19656218462967,3.0
699.2999017701176,981.2526631704533,3.0
656.0164228012882,439.4932742795561,2.0
339.3736327364637,814.5463945022765,2.0
472.1046819400409,535.6538628110244,2.0
429.68761642810574,716.0036285275798,0.0
848.213305400604,647.1360715129931,1.0
341.3492502112635,269.7524468679836,1.0
863.5656593088918,252.102492392407,2.0
842.4248772167683,128.01555963787754,2.0
632.603918741951,283.69331387670826,2.0
987.6181772832921,345.68611270735335,3.0
293.44935556832263,316.6458562135626,3.0
744.658362280684,107.45604854530112,3.0
989.0759445572531,648.7895732079331,1.0
856.2746170513099,625.228219755365,1.0
816.2929149191784,569.096450497173,0.0
947.5560157974045,959.0854500040092,2.0
59.23523911080833,404.4405322000537,1.0
98.37617875031992,643.9690677245466,2.0
756.341323180882,824.2301424757943,2.0
152.53313828172205,755.611044877934,3.0
920.8048668801247,811.6265698750908,0.0
153.87451085505418,389.2699386433055,2.0
327.09316172680343,767.6554845048737,3.0
104.35403762199284,955.4183722295714,1.0
738.353792428989,412.41413120201696,3.0
596.7878292868442,596.7330472698987,1.0
583.8814663485362,739.0605217511012,2.0
469.8133519915097,904.2833120695175,3.0
958.4871023737965,742.3105632913243,2.0
884.9247053434448,379.49139093438237,3.0
867.5143404551442,549.775047360343,3.0
326.3225925569486,30.941909261702925,0.0
131.97994921671932,590.6215750136327,3.0
777.2381575593737,806.4864313275407,1.0
821.7690864397381,520.9829569223117,0.0
350.9699280138196,245.07908914705516,1.0
445.3498718520042,474.3846750899484,1.0
919.1341618799606,849.2407497859036,3.0
598.9432229211868,246.13118991194222,2.0
720.5307653392724,122.17882853012381,0.0
695.7774310958549,246.70727683749817,3.0
759.9134960487723,150.41952386286678,1.0
516.4802249366594,135.07760983048246,3.0
854.0492013655572,733.628198097593,1.0
368.09578763113444,808.8420304282564,1.0
450.78663566993777,46.996333270326126,3.0
559.3187902936261,466.8487844369688,0.0
825.6433573301274,648.4654046633373,1.0
179.4063969930084,208.51573920652726,3.0
286.8878594134758,978.129264677032,3.0
816.4880017265134,300.39852581883434,2.0
804.390150190757,317.84007032576295,0.0
366.81711936693495,930.8967307079528,0.0
357.0713062420726,781.4174051599783,1.0
138.91129401475857,241.88891730143828,3.0
121.34723087348245,56.15315317086307,0.0
892.130470451235,101.34978175814649,3.0
217.3108350130504,268.7746745558395,1.0
649.3091729379918,814.2993480263584,0.0
897.9228744383851,967.9517504622762,0.0
907.168909079426,946.2872993332537,2.0
179.70031583080157,531.0421881730848,0.0
158.76906512357294,807.5634237520565,2.0
186.8424035606586,980.3600261652768,0.0
843.1328954537313,215.89471804750792,2.0
745.1917478926002,980.0519189395178,2.0
33.24336755300663,811.2195065904374,3.0
950.8575714283352,465.41584602869904,3.0
783.4216256475299,121.06351943198828,3.0
155.35803825373145,351.396678169248,0.0
924.7903367224977,624.3311486158636,2.0
280.2325226424152,544.9935973004216,3.0
413.82999441003574,537.2572653860918,2.0
74.54565044226152,886.1266600854028,0.0
398.8999126125268,522.0262600605786,3.0
254.26201613690415,436.7925279093565,2.0
504.0365813834076,107.42742374383839,1.0
822.9060785314625,906.0884574003028,3.0
305.22198384925366,443.91457919557223,1.0
989.5331963048679,425.4748568439499,3.0
77.5588785875587,69.49672155868981,3.0
360.4976715276372,668.3768748001153,3.0
994.0146974093343,445.4218461411069,0.0
962.622259031068,502.5439768300016,0.0
474.188756124857,694.5412693919383,1.0
675.1212409275106,892.0040516250147,0.0
619.518602544782,701.3339837030296,3.0
532.6156520542241,896.9950509371599,2.0
10.83828682011536,653.2283154827176,0.0
603.1271696915985,204.0092170713174,0.0
716.2116990606452,97.7527760231149,0.0
185.94896203453027,505.8147620298395,0.0
666.3385547134084,163.4550321431821,0.0
591.7254051366546,434.95335709730796,2.0
9.328428998693834,690.8204105391594,2.0
384.8993827044471,235.6711951791035,1.0
429.5674687027427,779.5576370315172,2.0
910.5951197142547,528.9691288466395,2.0
224.99091878864283,709.3110016679357,0.0
481.22514668035484,460.06696223666836,3.0
867.7966596865641,211.46532933970417,0.0
974.8535180426388,183.34672300525614,3.0
553.4959219547001,781.1459528790404,2.0
400.1457713951147,273.2774214574469,3.0
904.8369758057711,21.844893404525155,0.0
190.07539440786715,885.8130373783906,2.0
393.5844038225978,633.2600732136275,3.0
108.21140858731458,736.075810636762,2.0
82.78152596831448,662.0349757594455,1.0
180.00715669217635,140.33243650814558,0.0
447.87389125061145,704.6726361312402,1.0
507.1479244700291,541.9949368374613,0.0
730.2910970349889,701.2752931147188,0.0
231.5808585298014,356.61703304015333,0.0
197.01344093066842,361.11314628443637,1.0
460.0717282359449,454.1153912233891,1.0
319.4652250781759,148.3484005415733,3.0
281.53999298795617,229.52014198071703,3.0
252.98221439060222,382.0596114545264,1.0
0.741166731371187,497.855151710815,1.0
473.4113083838002,340.7764718544705,2.0
682.9813927095984,719.0685525400465,1.0
888.0621381368447,423.12669980548725,0.0
602.6489920614216,131.40522730757925,3.0
695.9025571661571,894.6465564551238,2.0
846.2269969821454,484.722061003399,0.0
924.8586430184849,359.15362699226114,1.0
324.01624980748795,207.31577716965606,2.0
624.1297476999088,581.207884230895,2.0
795.462985452705,848.3777275806574,1.0
700.7980039330548,360.6986942938587,3.0
729.5197350240476,910.5222453911662,1.0
796.2982213436204,621.5717857515446,0.0
172.93791106913983,653.5293544818783,3.0
298.910817893478,93.13953835363701,3.0
451.90728440551555,569.8493148482772,1.0
867.7371365328569,891.106233956821,2.0
724.3112462882008,546.2179867160021,1.0
642.9159256081199,691.0528513009814,3.0
216.46061249095902,291.64549845770574,0.0
540.616836794679,54.233660623627365,2.0
376.8823823683615,462.08233206031963,0.0
441.14358534292086,227.61900549657736,2.0
388.33817734717996,823.4256836087699,1.0
901.2616448804132,723.2097010050077,1.0
262.5554987097453,212.6307210480944,1.0
341.2881645698515,910.2195414721803,3.0
752.9880244547741,262.2275212931702,0.0
147.68981289942764,916.1145276899564,0.0
457.5821930524615,248.8232852062108,1.0
318.4357256813356,801.4416854772047,0.0
680.2043761943542,436.293019085035,2.0
988.0859593791928,734.47713342553,3.0
792.3724027101157,527.5092815534283,1.0
518.2621042561966,618.2005889316048,0.0
607.2233581903762,412.88468285406645,1.0
878.8880887544033,291.017394332272,0.0
648.7222174554402,851.879150280488,1.0
992.303276549072,390.0780458954734,2.0
995.8551354943972,289.80170893087353,0.0
209.7360675126317,64.32766289685318,2.0
688.4583780516164,811.1266963599951,2.0
710.9973582836194,948.0814136058056,3.0
671.0749548374448,975.1331811546406,2.0
148.98049702467716,302.21955564935246,0.0
564.0074756902545,948.9648111522682,0.0
402.16933556691714,106.02988232714364,2.0
790.4440771269661,468.5481678550905,2.0
707.5202233694732,819.3212709466969,1.0
49.338857285775056,335.8058179427823,0.0
2.199134453973463,979.1586396531999,3.0
355.4142650490299,169.49045285240453,0.0
652.238944686379,320.6620043893724,0.0
895.612803888076,178.07056554522723,2.0
411.7408529471264,403.51726392277845,1.0
633.0882715335093,422.0166062567582,1.0
785.8909057113358,493.0565482420493,0.0
693.5315301782497,626.7315726995374,2.0
771.3082323628555,456.9576215273519,2.0
996.403338940942,820.0572042529834,0.0
631.5251695716325,532.4172629196055,1.0
866.652451740128,111.50504967228301,0.0
554.8894007905589,676.5537345828166,2.0
456.6096414780059,683.0626566916645,2.0
95.54953236900774,861.3514171983616,1.0
934.8271653985156,444.4026517247942,3.0
605.4300472587713,290.4470996737074,0.0
500.1157227770897,808.3099472460149,1.0
238.32976145737393,483.5719243656801,1.0
574.8016504562427,210.96349426022428,1.0
878.2542117698215,520.8742273434859,0.0
432.17885437882836,299.91350691987964,3.0
335.43936704030494,132.97087329072792,1.0
950.2337537101225,631.2011080097758,2.0
505.7877994303528,601.6796676422277,2.0
614.516116256505,890.8882365669554,3.0
155.83937415206913,731.0464493852021,0.0
831.5838129856152,417.87551339841525,0.0
647.672441522337,99.90363895783044,1.0
596.9008284236556,621.085275165612,1.0
642.4533814833152,792.9536200183036,1.0
9.877436489869254,400.63684903050756,3.0
587.6094293251539,95.5159731056255,3.0
554.1772279923321,575.357927131425,2.0
341.1815432495465,608.3478256393706,2.0
695.4085494596928,190.2742168955262,2.0
265.40217263698173,976.7358930237331,3.0
965.7008817024059,390.69671172982527,3.0
334.0938906317368,338.8315280252108,0.0
383.01273057452653,508.18551248755966,3.0
222.42212863774168,780.0315084273825,1.0
343.9119565574589,84.59869754599744,2.0
542.321774383998,348.8710685649129,1.0
767.9062783334205,108.10142936173295,2.0
161.58577069577774,55.19015154247823,1.0
628.5691761431484,777.2802879037262,2.0
297.4642179711627,360.90418899772817,1.0
241.1248681722459,871.9880537785779,0.0
1000.0,129.89537629730538,2.0
44.817343575583166,553.9766718909008,2.0
774.4705165374252,51.25762921893427,2.0
393.8801066235206,613.2429584688152,0.0
314.4774006234675,740.4990681422178,3.0
729.1122989760615,638.4267500981621,2.0
393.77864249788985,126.6510296181114,2.0
553.6950616035293,534.7311523000166,0.0
273.05101148001876,384.75846096572155,1.0
442.4889281287065,142.669379246194,1.0
587.0815467404559,406.1266148642156,3.0
925.5285909802998,24.108124395416976,1.0
277.992383856282,451.3821242234484,0.0
59.869130653541156,866.8843250690843,0.0
989.6471235838218,45.46889764233576,1.0
524.5388387105289,337.823605462275,2.0
549.4086419797493,112.21469208909332,3.0
611.2983368243347,491.0399481819794,3.0
72.7858755605115,590.84916984217,3.0
104.2557374414699,399.53304023784983,3.0
739.6521697724427,613.4404799409402,0.0
484.5056100227734,418.39944789651963,2.0
554.0374945412573,805.8741712058334,2.0
324.7941016909112,315.10472570157526,2.0
654.3770500378887,411.6801590252779,2.0
510.39283116549205,503.17976131994226,0.0
958.2888782651496,905.1951074788782,1.0
522.3625155400929,431.43194551934545,2.0
754.1577802509103,363.17864283634475,0.0
981.7375620916977,702.2172665412038,1.0
534.3247123673319,642.8472706922342,0.0
933.8492190754844,407.4376154222632,0.0
598.7715226889865,374.2551634453382,3.0
995.4407856758336,250.16051370786013,0.0
714.8264283533865,436.56936962376096,2.0
869.744727450949,133.30940958291555,2.0
424.77425224206667,478.78276138392437,1.0
749.2626928110478,464.3892563940951,3.0
944.7534930992966,880.4008179165064,0.0
9.182033113457718,376.5275153652764,1.0
997.5682047467875,848.9875461741453,0.0
564.6353092898817,897.8813812244395,2.0
475.80608407384653,774.176933458389,2.0
471.6273214195528,871.2931671625851,3.0
470.7407629048922,41.01473414599616,2.0
993.635305015139,980.4726173222087,1.0
117.6981208479393,784.1070232217262,3.0
504.67591032537126,444.5915697419889,1.0
329.7567833023577,231.60298562701337,0.0
181.49837572274768,59.09581617932121,1.0
48.54922293915232,240.62215947492598,0.0
220.5196250556074,865.1740574357266,2.0
99.65289072731191,934.9597999306418,0.0
847.9857664894892,825.6037272760439,1.0
71.25296913366182,913.8117244417612,3.0
106.35597452296719,309.0009112454131,0.0
904.1598804920999,306.9332520940458,1.0
870.9539224764834,653.41842509133,2.0
874.4057984607919,21.531713826923053,3.0
660.5183903294262,347.99165003608084,3.0
771.8489651393621,350.31152750890425,0.0
140.20410387600617,88.56761974945915,0.0
595.8107916721353,850.6910259020284,2.0
629.1873043373433,116.96859748548539,2.0
845.4355270573824,440.4028257322717,1.0
378.19346045344884,214.54614336631803,1.0
485.3703384070594,713.1051465515005,0.0
247.54548520343226,45.43243083267546,2.0
898.724456827182,79.96245599604948,1.0
949.9067675141189,225.08503625563998,3.0
719.5150412460565,582.5308099170664,1.0
415.56914616858325,236.37797047156405,3.0
791.468879237735,334.6788918340553,1.0
609.4414509786462,799.5248548969505,0.0
311.0941516857704,508.65556192933497,0.0
573.3111514375071,605.9086459871988,2.0
33.892443914534944,531.767918887478,2.0
586.2722395873745,346.75829613382285,2.0
288.9119012078073,71.97025467601661,3.0
702.7044917698497,68.79707665889627,2.0
165.39031460509545,507.21977842845826,1.0
119.93670094360357,660.4047611761497,2.0
975.594247151733,410.9741722036595,1.0
776.974476771286,739.2567771885768,2.0
396.0604166317381,21.202812809274278,2.0
874.8777325973489,632.7209302035867,1.0
68.57906402144741,975.33727274938,1.0
952.1418625407813,699.6165396582547,1.0
493.08035919955205,950.2695599585478,0.0
844.4065421171365,24.389504973804076,0.0
758.5042942553622,606.0787104678309,0.0
633.8885940244334,490.22740283506664,2.0
501.35203348101305,856.6449297839328,3.0
647.0908989007893,739.975756962824,2.0
543.0054532267856,965.4566413372107,2.0
580.2114425958927,863.7926494766857,3.0
269.4442590717422,905.3672979715496,0.0
231.80037268545735,557.543477505333,1.0
841.9101039084004,374.4496470980907,1.0
360.7035645306903,552.9849187191958,0.0
195.62025798979388,475.2890116608591,2.0
489.46170970621955,33.96091574986505,3.0
667.6806533526129,915.6212871943944,2.0
355.64659462528914,35.57690827916556,1.0
361.77532348713254,339.0862853606054,3.0
854.8757405494438,522.5279344660365,0.0
728.9830599800543,386.9624028805805,3.0
776.0869494706328,953.9273676516902,1.0
345.0538851248479,189.1329085354116,2.0
859.9264500187405,763.7000248071442,3.0
549.1172656408552,759.9107458175085,2.0
279.3077631617968,840.4612856581041,3.0
253.77048854495632,689.453890079098,2.0
320.45827060577983,911.99821750571,2.0
207.27931434390263,793.2520193093438,0.0
340.86897561137573,689.9556676839375,3.0
2.653149423314914,671.5530804387816,3.0
410.00643095101685,787.3107776325924,2.0
227.41542397993564,641.9303732996038,1.0
97.36780686226864,150.03827085733195,0.0
369.73008750699375,51.396587075909146,1.0
991.3806714563123,20.368002152231156,0.0
401.9012535813325,710.76332315786,2.0
134.4345112918011,950.8232554182896,2.0
743.3865396837193,40.79505646033742,3.0
94.49383290786446,22.46150649896068,2.0
431.3382741972252,609.9867010426806,3.0
415.7336274306799,343.77578608436454,3.0
609.0898778970684,514.4345738068085,3.0
218.79449032789245,45.230055072361324,1.0
668.375876838555,64.1573522027832,1.0
814.3051922952559,732.5538561143132,1.0
617.7732091360715,624.8070257513864,2.0
134.6935532605649,727.7163674543258,0.0
201.72585567057826,250.52760852366302,3.0
977.2158197317332,861.0478014455852,1.0
657.8213896070191,391.1701565944952,1.0
915.728759484886,901.5217011968257,2.0
100.98527580177812,456.04899489778944,0.0
196.28313189878162,859.8202571179205,2.0
999.8283000230425,894.0786070005931,2.0
23.69109245829048,511.7416582057799,0.0
304.3387770787129,834.8222982311922,3.0
517.9012797891871,522.4144335151999,0.0
698.4510675316811,269.80704720651966,1.0
282.6199724457519,20.628940691544326,1.0
920.1933644558769,922.7178731913106,2.0
289.97903678914366,926.726222571868,0.0
445.5574226783078,400.490992644939,1.0
471.01965448854935,364.27168785750195,3.0
797.8009295168467,181.7865672512393,1.0
118.99746493335022,86.73193848495708,3.0
304.02888686267823,202.23741148656148,1.0
781.4415944139471,975.8540936492218,3.0
885.0316607579094,688.6686244257724,0.0
248.62360884498824,817.9741443030936,2.0
410.8000078092631,70.51540990439463,0.0
534.1684957460765,174.62702524968802,3.0
605.9766825947573,457.7675847240424,3.0
414.336505551351,958.4814460151339,0.0
408.4372837728365,848.0192219784275,1.0
211.1267023088345,462.0803739847534,1.0
482.2667245795741,270.8166692602402,2.0
934.8984495487673,836.5101471266788,2.0
787.939179406541,212.91867164874424,1.0
242.7756452525638,410.6259623201257,2.0
893.5457301635498,748.7777057863251,3.0
998.3839702204647,762.3143364257676,0.0
263.21222083998003,763.5843048509078,1.0
906.3351927651825,767.3700536391356,1.0
832.6367010151697,467.97480120749407,0.0
587.4976411032475,646.9977166310213,2.0
991.4905749425719,490.7720478251083,3.0
884.2271792379471,806.4864959393076,2.0
806.8541254045836,254.82993143477182,3.0
199.09296808900157,213.4746155740716,3.0
187.67887508851038,908.0123240481099,0.0
600.6368363569608,224.3430303922642,0.0
717.9004690830817,927.9100170466722,0.0
654.5905403117765,272.1651858258716,3.0
852.5436084917623,79.72299596507226,0.0
203.41424599647414,120.51083978750341,2.0
840.8408993273515,319.6878978821762,0.0
900.7460361424229,365.46936562297697,1.0
145.97648284142224,369.8004427699802,1.0
859.3602727136349,362.52123531755944,3.0
937.638908023766,552.218703556471,0.0
69.43607878496853,21.002476204254886,0.0
269.3244418247901,702.3393232840581,3.0
847.2752418944214,99.37554177223593,0.0
873.4405794358499,233.2216078315595,1.0
483.7011789893395,820.4405861115835,2.0
114.71179831945494,609.8893585928528,3.0
320.27357299763617,854.6213695569817,2.0
434.2338359856543,364.3372950246986,1.0
179.1045311687296,961.6436281006258,0.0
539.4417299205522,233.3986326834896,0.0
615.1597516193539,20.308734343352903,2.0
922.9388348465928,46.185725524878066,2.0
978.8515104530142,900.9986633630289,2.0
909.687820085452,236.6572057742558,1.0
748.8899936164897,168.32150363589594,1.0
739.8321389845389,324.63977949357394,1.0
885.5816093104808,902.6130883720309,2.0
188.74939077932132,620.5312106345415,1.0
198.18191761962328,668.1185863405927,2.0
683.9643169090377,135.39610524829678,1.0
668.4807306618543,762.5420032487847,0.0
328.90139932498306,591.0262489807059,2.0
278.51766105328306,795.4163458286533,2.0
740.3034251424268,660.5058832512425,1.0
935.1717225992071,116.11386214094951,0.0
553.1843960603188,492.8796772521956,0.0
142.07015105881135,859.3161376907357,1.0
905.0875976079489,473.9247828994867,1.0
838.2941223395293,509.4329256785141,0.0
105.89032684510934,264.030931997478,0.0
525.5594128784874,270.58095129846447,3.0
999.8970249359304,622.0773802218283,0.0
338.0219513310583,742.1972717026533,3.0
293.8576706132657,523.3648832134755,2.0
363.0264564346452,76.87285724541879,2.0
644.7021855906457,149.92220009076277,0.0
153.1633677087115,563.896633574374,3.0
1.0386057028794329,133.84383803297723,3.0
367.19683009730886,573.8728280949117,0.0
917.4360852425935,170.5936719301734,0.0
774.5289118036471,696.658434281144,3.0
876.4885195649836,337.4783645969448,2.0
430.2131813144962,984.5120264976705,0.0
188.27154756765324,18.98282602373488,1.0
88.29461620332056,111.40715470080029,2.0
902.547072553664,860.7641533982894,2.0
136.8494355581364,39.02665421927027,0.0
122.91773674247212,124.92949213372924,3.0
716.9698215515338,888.6468258893959,0.0
151.41492748654193,326.86952358537866,2.0
760.0186706210458,503.47012205153413,0.0
432.6042361326535,199.42980332778714,0.0
407.1070228956394,581.1551153525307,0.0
403.28705171771395,891.3235318342786,0.0
805.0402727008757,444.8493297185003,1.0
35.33426256049113,54.441298105336344,3.0
973.3354491165462,76.91447783118376,1.0
277.40375252824913,270.739366399543,0.0
372.28436173973694,714.5323959108863,3.0
417.54204377515146,149.57921315177805,2.0
741.5480891439547,719.3700604523011,2.0
313.38949062360416,46.71445848358655,3.0
40.263313136326275,489.4279166052234,3.0
554.3274824730802,404.82317317416397,1.0
694.4575187539469,420.4932705262796,3.0
948.2601336587389,18.687247566790354,2.0
560.4367570855377,64.10206478773024,2.0
361.15879510134073,446.47422229035647,3.0
797.2128927933279,139.00582076077228,2.0
220.28246975744818,82.20801962642156,3.0
733.1442716466014,860.1704002225101,0.0
273.569914728006,130.7774013147985,2.0
367.23347509421353,300.8294104247382,2.0
798.0761323282842,820.8773341957384,3.0
966.4115337455769,819.1430268980539,0.0
284.14463276229594,405.69570500644255,0.0
855.3244268509139,938.4555112731708,3.0
382.1287861089609,676.0282373488593,1.0
136.34604590990438,167.11668235871196,3.0
220.43223001261865,689.1528387109205,1.0
927.8033359691904,944.6750955044615,0.0
937.105223164923,341.6312634693297,0.0
454.85184554547953,288.80503131820996,0.0
438.31355037992313,539.8996783181719,1.0
721.4659672753257,975.6971497716971,1.0
125.94122544578377,834.5002087275061,3.0
29.3547540890275,21.090487303616687,3.0
387.62182987368095,933.7731010859287,1.0
169.598494583928,548.5495078618641,2.0
247.61220487458672,903.4503338516793,2.0
869.474980721708,168.83669025427363,1.0
221.89130320809937,181.40220684995285,3.0
608.6460097230344,90.34664742808582,1.0
163.2614276398263,692.563677043039,0.0
620.6322374085198,217.37824319095228,3.0
699.5078553631848,210.28257438037295,1.0
760.5655217403845,88.10781061411598,0.0
102.58947328800028,378.5606134629962,3.0
571.83134820294,721.8871420555915,1.0
632.474917898734,168.6523951571054,3.0
22.119059530454297,439.19031482472883,2.0
444.71286662579155,122.24308400971672,1.0
772.6147849367067,652.8859638248208,0.0
916.9653689436885,419.6054817885806,0.0
39.09939632162819,917.6946524378421,0.0
257.5605569988917,614.6264701882228,1.0
33.135036618566254,128.13974658286782,1.0
388.69774790361805,187.69815108737808,1.0
596.1585252792954,756.9252047333299,1.0
507.26944658429994,204.37473821805304,2.0
654.2070448367452,15.747340521865548,2.0
174.58833063345924,775.8368611888168,1.0
545.7605367882361,301.4060545013348,2.0
234.82224487830737,109.1810074172089,1.0
466.1688101657552,405.74220528576467,2.0
497.34430580605,660.7408563529988,3.0
362.00440928592735,848.0055579396059,3.0
70.19889039131859,244.9843633700872,2.0
3.184346469815098,473.4780650460495,0.0
511.00712544115356,909.7053035705708,0.0
802.4748927446747,911.150611219206,3.0
910.3131912380401,984.0761285867117,0.0
55.95266189298054,117.81477476014855,1.0
347.7847945291489,412.09780210303853,2.0
235.1054149222878,330.6797411453966,0.0
746.9665650293598,283.67741558996204,2.0
443.84151825743635,939.3435821614205,0.0
587.8169756777859,279.16199265747133,1.0
999.7147915938489,367.30710332713306,1.0
845.1519001397147,917.784413879499,2.0
365.27302777597316,886.4146672365783,3.0
1000.0,521.6165534982762,2.0
518.2840276327204,317.49932391372704,1.0
643.2078921066479,653.4224510575701,1.0
671.2825158801229,552.3538379162675,0.0
835.88400473922,196.96300796252447,1.0
317.8337935178608,360.94224387839904,0.0
858.3893614094025,605.1127549996759,3.0
602.3449934508221,665.4711129395298,2.0
430.40792517786946,644.9239204025641,3.0
93.41339660938925,527.9731293586977,3.0
368.57893845940436,378.3563458559821,1.0
611.5536404694282,534.3760267483068,1.0
930.6282398989587,702.1041256483073,1.0
500.10394384521345,375.9784859558945,0.0
0.46235766335869677,634.6780563251622,0.0
852.1350131636779,234.81922323241682,1.0
622.2301898498417,839.7910884589244,2.0
575.5255499648288,757.6586914753722,3.0
475.05778312950486,189.98507353171334,1.0
935.025946310446,607.1255743280309,2.0
483.2543369059291,753.3515961691526,3.0
45.449174696864084,281.8416896470459,3.0
934.8366102008603,862.3593684778997,0.0
680.2137639304498,517.4742360096797,0.0
454.33274593229186,329.9152148130641,0.0
391.7902064066947,316.09666893455847,2.0
139.16241829610266,284.67744645013533,0.0
194.59010850373804,564.1156169156105,2.0
15.85622617065958,174.31844944241456,3.0
191.49128659960374,430.1254695154073,3.0
254.81843435794246,140.62910678995436,3.0
305.50464632504577,488.6744957927533,3.0
194.60867095241858,100.88800858958766,1.0
763.1909131537443,184.56033764613596,3.0
560.8413982057625,446.5630996739804,1.0
141.021510480032,662.0450301895637,1.0
920.1754524997942,666.008520554204,1.0
620.5851987391712,328.4859001657348,2.0
71.56544792555194,204.2581073165775,3.0
800.6397231971918,509.23102764036327,3.0
310.4376380502606,658.7540787651367,1.0
742.2303868510511,683.3734513897747,2.0
177.45767663990063,466.1504691391153,0.0
600.0987928389912,327.6505763167706,0.0
812.9843897747987,858.9202596931415,1.0
405.72083637796163,383.2994764364942,1.0
270.83996325510066,295.2623093892289,3.0
475.7437754383452,734.3221372607635,2.0
477.7153697568924,981.7657953782793,0.0
534.9428480409753,673.6400973581952,3.0
162.41821258309767,407.43713568936005,3.0
158.26078099598476,173.2749442668808,1.0
17.89179606311236,92.45795687769052,3.0
329.6083227017878,253.03913449912628,2.0
299.66876846554123,620.1023506355369,0.0
923.5504116677498,495.6428833943887,3.0
976.5833367839485,601.7073095309833,2.0
556.8393584432666,636.0952775363835,1.0
838.7797921744942,957.1532268141759,3.0
378.6023021974063,254.99515148486816,0.0
999.769062084485,269.79117253574987,3.0
937.8775695996402,159.2841475755614,2.0
537.9566763365895,16.675033169015308,1.0
510.68299122359207,750.1291469117334,3.0
112.9388393607509,573.1701363011802,2.0
1.133321217754156,20.188998356886,3.0
675.7658474169996,671.6962177312101,3.0
214.647394085548,942.021477377602,0.0
121.37686282141539,553.2025527075295,1.0
444.9222120632449,815.2961654109025,1.0
237.37192992130093,595.3214434465378,2.0
785.0279628169511,391.77486374991366,0.0
277.08206982976435,173.14238952528623,2.0
531.3513240849926,121.41657866724418,2.0
112.04385941815593,915.7104470558834,0.0
242.14770467471783,979.7212058761934,2.0
987.0268813380254,146.11055549413103,0.0
398.44769855375546,484.2140162748393,1.0
848.2480588778124,667.5529946133914,2.0
816.698717530284,688.7314252627624,0.0
697.0248455142518,577.9444902681107,2.0
263.08660979790614,945.7050894409323,0.0
0.0,903.0910576977346,1.0
281.6579673108445,333.05040700183497,2.0
93.63153565711123,417.860526934702,2.0
302.60818671636895,954.0924980425405,3.0
690.6732654713715,453.5525738384184,3.0
712.8328186980567,690.8057309810247,1.0
492.25774923451826,586.6498068613862,0.0
780.0603596859193,149.53571024740873,0.0
439.56870012875294,876.9533895197884,1.0
615.8739759357267,736.1159065429637,3.0
